[
  {
    "objectID": "about.html",
    "href": "about.html",
    "title": "About",
    "section": "",
    "text": "This is an about page for the entire site.\nThis page was created by Samir Nacer and Trey Saddler."
  },
  {
    "objectID": "index.html",
    "href": "index.html",
    "title": "PD Round Table",
    "section": "",
    "text": "This website is about the PD Round Table.\nAdditional information will follow."
  },
  {
    "objectID": "programs/Allegheny_Health_Network_Medical_Education_Consortium_(AGH).html",
    "href": "programs/Allegheny_Health_Network_Medical_Education_Consortium_(AGH).html",
    "title": "Allegheny Health Network Medical Education Consortium (AGH)",
    "section": "",
    "text": "Joseph A. DelTondo, DO is the Program Director at Allegheny Health Network Medical Education Consortium (AGH), located in Pittsburgh, PA."
  },
  {
    "objectID": "programs/Allegheny_Health_Network_Medical_Education_Consortium_(AGH).html#associate-program-directors",
    "href": "programs/Allegheny_Health_Network_Medical_Education_Consortium_(AGH).html#associate-program-directors",
    "title": "Allegheny Health Network Medical Education Consortium (AGH)",
    "section": "Associate Program Directors",
    "text": "Associate Program Directors\n\nAngela Sanguino, MD"
  },
  {
    "objectID": "programs/Baylor_College_of_Medicine.html",
    "href": "programs/Baylor_College_of_Medicine.html",
    "title": "Baylor College of Medicine",
    "section": "",
    "text": "Marwan Yared, MD is the Program Director at Baylor College of Medicine, located in Houston, TX."
  },
  {
    "objectID": "programs/Baylor_College_of_Medicine.html#associate-program-directors",
    "href": "programs/Baylor_College_of_Medicine.html#associate-program-directors",
    "title": "Baylor College of Medicine",
    "section": "Associate Program Directors",
    "text": "Associate Program Directors\n\nMaren Fuller, MD (AP)\nLisa Hensch, MD (CP)"
  },
  {
    "objectID": "programs/Baylor_University_Medical_Center.html",
    "href": "programs/Baylor_University_Medical_Center.html",
    "title": "Baylor University Medical Center",
    "section": "",
    "text": "Peter Allen Dysert, MD is the Program Director at Baylor University Medical Center, located in Dallas, TX."
  },
  {
    "objectID": "programs/Baylor_University_Medical_Center.html#associate-program-directors",
    "href": "programs/Baylor_University_Medical_Center.html#associate-program-directors",
    "title": "Baylor University Medical Center",
    "section": "Associate Program Directors",
    "text": "Associate Program Directors\n\nRaul Benavides, MD\nJoseph M. Guileyardo, MD"
  },
  {
    "objectID": "programs/Beaumont_Health_(Royal_Oak).html",
    "href": "programs/Beaumont_Health_(Royal_Oak).html",
    "title": "Beaumont Health (Royal Oak)",
    "section": "",
    "text": "Jacqueline Macknis, MD is the Program Director at Beaumont Health (Royal Oak), located in Royal Oak, MI."
  },
  {
    "objectID": "programs/Beaumont_Health_(Royal_Oak).html#associate-program-directors",
    "href": "programs/Beaumont_Health_(Royal_Oak).html#associate-program-directors",
    "title": "Beaumont Health (Royal Oak)",
    "section": "Associate Program Directors",
    "text": "Associate Program Directors\n\nThomas Fennell, MD"
  },
  {
    "objectID": "programs/Beth_Israel_Deaconess_Medical_Center-Harvard_Medical_School.html",
    "href": "programs/Beth_Israel_Deaconess_Medical_Center-Harvard_Medical_School.html",
    "title": "Beth Israel Deaconess Medical Center/Harvard Medical School",
    "section": "",
    "text": "Cynthia Hayne, MD, PhD is the Program Director at Beth Israel Deaconess Medical Center/Harvard Medical School, located in Boston, MA."
  },
  {
    "objectID": "programs/Beth_Israel_Deaconess_Medical_Center-Harvard_Medical_School.html#associate-program-directors",
    "href": "programs/Beth_Israel_Deaconess_Medical_Center-Harvard_Medical_School.html#associate-program-directors",
    "title": "Beth Israel Deaconess Medical Center/Harvard Medical School",
    "section": "Associate Program Directors",
    "text": "Associate Program Directors\n\nKerry O’Brien, MD"
  },
  {
    "objectID": "programs/Boston_University_Medical_Center.html",
    "href": "programs/Boston_University_Medical_Center.html",
    "title": "Boston University Medical Center",
    "section": "",
    "text": "Joel M Henderson, MD, PhD is the Program Director at Boston University Medical Center, located in Boston, MA."
  },
  {
    "objectID": "programs/Brown_University.html",
    "href": "programs/Brown_University.html",
    "title": "Brown University",
    "section": "",
    "text": "Diana Treaba, MD is the Program Director at Brown University, located in Providence, RI."
  },
  {
    "objectID": "programs/Cedars-Sinai_Medical_Center_Program.html",
    "href": "programs/Cedars-Sinai_Medical_Center_Program.html",
    "title": "Cedars-Sinai Medical Center Program",
    "section": "",
    "text": "Kevin Waters, MD Souzan Sanati, MD is the Program Director at Cedars-Sinai Medical Center Program, located in Los Angeles, CA."
  },
  {
    "objectID": "programs/Cedars-Sinai_Medical_Center_Program.html#associate-program-directors",
    "href": "programs/Cedars-Sinai_Medical_Center_Program.html#associate-program-directors",
    "title": "Cedars-Sinai Medical Center Program",
    "section": "Associate Program Directors",
    "text": "Associate Program Directors\n\nStacey A. Kim, MD"
  },
  {
    "objectID": "programs/Cleveland_Clinic_Foundation_Program.html",
    "href": "programs/Cleveland_Clinic_Foundation_Program.html",
    "title": "Cleveland Clinic Foundation Program",
    "section": "",
    "text": "Deborah Chute, MD is the Program Director at Cleveland Clinic Foundation Program, located in Cleveland, OH."
  },
  {
    "objectID": "programs/Danbury_Hospital.html",
    "href": "programs/Danbury_Hospital.html",
    "title": "Danbury Hospital",
    "section": "",
    "text": "Ramapriya Vidhun, MD is the Program Director at Danbury Hospital, located in Danbury, CT."
  },
  {
    "objectID": "programs/Detroit_Medical_Center-Wayne_State_University.html",
    "href": "programs/Detroit_Medical_Center-Wayne_State_University.html",
    "title": "Detroit Medical Center/Wayne State University",
    "section": "",
    "text": "Sudeshna Bandyopadhyay, MD is the Program Director at Detroit Medical Center/Wayne State University, located in Detroit, MI."
  },
  {
    "objectID": "programs/Duke_University_Hospital.html",
    "href": "programs/Duke_University_Hospital.html",
    "title": "Duke University Hospital",
    "section": "",
    "text": "Thomas J. Cummings, MD is the Program Director at Duke University Hospital, located in Durham, NC."
  },
  {
    "objectID": "programs/Duke_University_Hospital.html#associate-program-directors",
    "href": "programs/Duke_University_Hospital.html#associate-program-directors",
    "title": "Duke University Hospital",
    "section": "Associate Program Directors",
    "text": "Associate Program Directors\n\nRex Bentley, MD (AP)\nAnand Lagoo, MD, PhD (CP)"
  },
  {
    "objectID": "programs/East_Tennessee_State_University-Quillen_College_of_Medicine.html",
    "href": "programs/East_Tennessee_State_University-Quillen_College_of_Medicine.html",
    "title": "East Tennessee State University/Quillen College of Medicine",
    "section": "",
    "text": "Salah Shurbaji, MD is the Program Director at East Tennessee State University/Quillen College of Medicine, located in Johnson City, TN."
  },
  {
    "objectID": "programs/Emory_University_School_of_Medicine.html",
    "href": "programs/Emory_University_School_of_Medicine.html",
    "title": "Emory University School of Medicine",
    "section": "",
    "text": "Charles Hill, MD, PhD is the Program Director at Emory University School of Medicine, located in Atlanta, GA."
  },
  {
    "objectID": "programs/Emory_University_School_of_Medicine.html#associate-program-directors",
    "href": "programs/Emory_University_School_of_Medicine.html#associate-program-directors",
    "title": "Emory University School of Medicine",
    "section": "Associate Program Directors",
    "text": "Associate Program Directors\n\nStewart Neill, MD\nMarina Mosunjac, MD"
  },
  {
    "objectID": "programs/Geisinger_Health_System_Program.html",
    "href": "programs/Geisinger_Health_System_Program.html",
    "title": "Geisinger Health System Program",
    "section": "",
    "text": "Zachary Hoffer, MD is the Program Director at Geisinger Health System Program, located in Danville, PA."
  },
  {
    "objectID": "programs/George_Washington_University.html",
    "href": "programs/George_Washington_University.html",
    "title": "George Washington University",
    "section": "",
    "text": "Tapan Bhavsar, MD, PhD is the Program Director at George Washington University, located in Washington, DC."
  },
  {
    "objectID": "programs/George_Washington_University.html#associate-program-directors",
    "href": "programs/George_Washington_University.html#associate-program-directors",
    "title": "George Washington University",
    "section": "Associate Program Directors",
    "text": "Associate Program Directors\n\nXiomara Fernandez, MD"
  },
  {
    "objectID": "programs/Hartford_Hospital.html",
    "href": "programs/Hartford_Hospital.html",
    "title": "Hartford Hospital",
    "section": "",
    "text": "Fabiola Balarezo, MD is the Program Director at Hartford Hospital, located in Hartford, CT."
  },
  {
    "objectID": "programs/Henry_Ford_Hospital-Wayne_State_University.html",
    "href": "programs/Henry_Ford_Hospital-Wayne_State_University.html",
    "title": "Henry Ford Hospital/Wayne State University",
    "section": "",
    "text": "Christian Keller, MD is the Program Director at Henry Ford Hospital/Wayne State University, located in Detroit, MI."
  },
  {
    "objectID": "programs/Howard_University.html",
    "href": "programs/Howard_University.html",
    "title": "Howard University",
    "section": "",
    "text": "Rhonda Burch-Smith, MD is the Program Director at Howard University, located in Washington, DC."
  },
  {
    "objectID": "programs/Johns_Hopkins_University.html",
    "href": "programs/Johns_Hopkins_University.html",
    "title": "Johns Hopkins University",
    "section": "",
    "text": "Christopher J VandenBussche, MD, PhD is the Program Director at Johns Hopkins University, located in Baltimore, MD."
  },
  {
    "objectID": "programs/Loma_Linda_University_Health_Education_Consortium.html",
    "href": "programs/Loma_Linda_University_Health_Education_Consortium.html",
    "title": "Loma Linda University Health Education Consortium",
    "section": "",
    "text": "Laura Denham, MD Justin Kerstetter, MD is the Program Director at Loma Linda University Health Education Consortium, located in Loma Linda, CA."
  },
  {
    "objectID": "programs/Los_Angeles_County-Harbor-UCLA_Medical_Center.html",
    "href": "programs/Los_Angeles_County-Harbor-UCLA_Medical_Center.html",
    "title": "Los Angeles County-Harbor-UCLA Medical Center",
    "section": "",
    "text": "Ping Ji, MD is the Program Director at Los Angeles County-Harbor-UCLA Medical Center, located in Torrance, CA."
  },
  {
    "objectID": "programs/Louisiana_State_University.html",
    "href": "programs/Louisiana_State_University.html",
    "title": "Louisiana State University",
    "section": "",
    "text": "Ritu Bhalla, MD is the Program Director at Louisiana State University, located in New Orleans, LA."
  },
  {
    "objectID": "programs/Louisiana_State_University.html#associate-program-directors",
    "href": "programs/Louisiana_State_University.html#associate-program-directors",
    "title": "Louisiana State University",
    "section": "Associate Program Directors",
    "text": "Associate Program Directors\n\nElizabeth Rinker, MD"
  },
  {
    "objectID": "programs/Louisiana_State_University_(Shreveport).html",
    "href": "programs/Louisiana_State_University_(Shreveport).html",
    "title": "Louisiana State University (Shreveport)",
    "section": "",
    "text": "Susan Diana Veillon, MD is the Program Director at Louisiana State University (Shreveport), located in Shreveport, LA."
  },
  {
    "objectID": "programs/Louisiana_State_University_(Shreveport).html#associate-program-directors",
    "href": "programs/Louisiana_State_University_(Shreveport).html#associate-program-directors",
    "title": "Louisiana State University (Shreveport)",
    "section": "Associate Program Directors",
    "text": "Associate Program Directors\n\nMenchu Ong, MD"
  },
  {
    "objectID": "programs/Loyola_University_Medical_Center.html",
    "href": "programs/Loyola_University_Medical_Center.html",
    "title": "Loyola University Medical Center",
    "section": "",
    "text": "Rachel Gordezky, MD is the Program Director at Loyola University Medical Center, located in Maywood, IL."
  },
  {
    "objectID": "programs/Loyola_University_Medical_Center.html#associate-program-directors",
    "href": "programs/Loyola_University_Medical_Center.html#associate-program-directors",
    "title": "Loyola University Medical Center",
    "section": "Associate Program Directors",
    "text": "Associate Program Directors\n\nKamran M. Mirza, MD, PhD"
  },
  {
    "objectID": "programs/Massachusetts_General_Brigham_and_Women's_Hospital.html",
    "href": "programs/Massachusetts_General_Brigham_and_Women's_Hospital.html",
    "title": "Massachusetts General Brigham and Women’s Hospital",
    "section": "",
    "text": "W. Stephen Black-Schaffer, MD is the Program Director at Massachusetts General Brigham and Women’s Hospital, located in Boston, MA."
  },
  {
    "objectID": "programs/Massachusetts_General_Brigham_and_Women's_Hospital.html#associate-program-directors",
    "href": "programs/Massachusetts_General_Brigham_and_Women's_Hospital.html#associate-program-directors",
    "title": "Massachusetts General Brigham and Women’s Hospital",
    "section": "Associate Program Directors",
    "text": "Associate Program Directors\n\nElizabeth A. Morgan, MD (Site Director)"
  },
  {
    "objectID": "programs/Mayo_Clinic_College_of_Medicine_and_Science_(Rochester).html",
    "href": "programs/Mayo_Clinic_College_of_Medicine_and_Science_(Rochester).html",
    "title": "Mayo Clinic College of Medicine and Science (Rochester)",
    "section": "",
    "text": "Reade Quinton, MD is the Program Director at Mayo Clinic College of Medicine and Science (Rochester), located in Rochester, MN."
  },
  {
    "objectID": "programs/McGaw_Medical_Center_of_Northwestern_University.html",
    "href": "programs/McGaw_Medical_Center_of_Northwestern_University.html",
    "title": "McGaw Medical Center of Northwestern University",
    "section": "",
    "text": "Kruti P. Maniar, MD is the Program Director at McGaw Medical Center of Northwestern University, located in Chicago, IL."
  },
  {
    "objectID": "programs/McGaw_Medical_Center_of_Northwestern_University.html#associate-program-directors",
    "href": "programs/McGaw_Medical_Center_of_Northwestern_University.html#associate-program-directors",
    "title": "McGaw Medical Center of Northwestern University",
    "section": "Associate Program Directors",
    "text": "Associate Program Directors\n\nKristy Wolniak, MD, PhD (CP)\nLuis Blanco, Jr., MD (AP)"
  },
  {
    "objectID": "programs/MedStar_Health-Georgetown_University_Hospital.html",
    "href": "programs/MedStar_Health-Georgetown_University_Hospital.html",
    "title": "MedStar Health/Georgetown University Hospital",
    "section": "",
    "text": "Mary Fulong, MD, MS is the Program Director at MedStar Health/Georgetown University Hospital, located in Washington, DC."
  },
  {
    "objectID": "programs/Medical_College_of_Georgia.html",
    "href": "programs/Medical_College_of_Georgia.html",
    "title": "Medical College of Georgia",
    "section": "",
    "text": "Matthew R. Powell, MD is the Program Director at Medical College of Georgia, located in Augusta, GA."
  },
  {
    "objectID": "programs/Medical_College_of_Georgia.html#associate-program-directors",
    "href": "programs/Medical_College_of_Georgia.html#associate-program-directors",
    "title": "Medical College of Georgia",
    "section": "Associate Program Directors",
    "text": "Associate Program Directors\n\nSravan Kavuri, MBBS\nRavindra Kolhe, MD, PhD\nNatasha M. Savage, MD"
  },
  {
    "objectID": "programs/Medical_College_of_Wisconsin_Affiliated_Hospitals.html",
    "href": "programs/Medical_College_of_Wisconsin_Affiliated_Hospitals.html",
    "title": "Medical College of Wisconsin Affiliated Hospitals",
    "section": "",
    "text": "Juan C. Felix, MD is the Program Director at Medical College of Wisconsin Affiliated Hospitals, located in Milwaukee, WI."
  },
  {
    "objectID": "programs/Medical_University_of_South_Carolina.html",
    "href": "programs/Medical_University_of_South_Carolina.html",
    "title": "Medical University of South Carolina",
    "section": "",
    "text": "Nick Batalis, MD David Lewin, MD is the Program Director at Medical University of South Carolina, located in Charleston, SC."
  },
  {
    "objectID": "programs/Mount_Sinai_Medical_Center_of_Florida.html",
    "href": "programs/Mount_Sinai_Medical_Center_of_Florida.html",
    "title": "Mount Sinai Medical Center of Florida",
    "section": "",
    "text": "Monica Recine, MD is the Program Director at Mount Sinai Medical Center of Florida, located in Miami Beach, FL."
  },
  {
    "objectID": "programs/NYU_Grossman_School_of_Medicine.html",
    "href": "programs/NYU_Grossman_School_of_Medicine.html",
    "title": "NYU Grossman School of Medicine",
    "section": "",
    "text": "Esther H. Adler, MD is the Program Director at NYU Grossman School of Medicine, located in New York, NY."
  },
  {
    "objectID": "programs/National_Institutes_of_Health_Clinical_Center.html",
    "href": "programs/National_Institutes_of_Health_Clinical_Center.html",
    "title": "National Institutes of Health Clinical Center",
    "section": "",
    "text": "Martha M. Quezado, MD is the Program Director at National Institutes of Health Clinical Center, located in Bethesda, MD."
  },
  {
    "objectID": "programs/National_Institutes_of_Health_Clinical_Center.html#associate-program-directors",
    "href": "programs/National_Institutes_of_Health_Clinical_Center.html#associate-program-directors",
    "title": "National Institutes of Health Clinical Center",
    "section": "Associate Program Directors",
    "text": "Associate Program Directors\n\nFrederic Barr, MD, PhD"
  },
  {
    "objectID": "programs/New_York_Presbyterian_Hospital_(Columbia_Campus)_Program.html",
    "href": "programs/New_York_Presbyterian_Hospital_(Columbia_Campus)_Program.html",
    "title": "New York Presbyterian Hospital (Columbia Campus) Program",
    "section": "",
    "text": "Carlos Pagan, MD is the Program Director at New York Presbyterian Hospital (Columbia Campus) Program, located in New York, NY."
  },
  {
    "objectID": "programs/New_York_Presbyterian_Hospital_(Columbia_Campus)_Program.html#associate-program-directors",
    "href": "programs/New_York_Presbyterian_Hospital_(Columbia_Campus)_Program.html#associate-program-directors",
    "title": "New York Presbyterian Hospital (Columbia Campus) Program",
    "section": "Associate Program Directors",
    "text": "Associate Program Directors\n\nLadan Fazlollahi, MD (AP)\nRichard O. Francis, MD, PhD (CP)"
  },
  {
    "objectID": "programs/Ohio_State_University_Hospital_Program.html",
    "href": "programs/Ohio_State_University_Hospital_Program.html",
    "title": "Ohio State University Hospital Program",
    "section": "",
    "text": "Arwa Shana’ah, MD is the Program Director at Ohio State University Hospital Program, located in Columbus, OH."
  },
  {
    "objectID": "programs/Ohio_State_University_Hospital_Program.html#associate-program-directors",
    "href": "programs/Ohio_State_University_Hospital_Program.html#associate-program-directors",
    "title": "Ohio State University Hospital Program",
    "section": "Associate Program Directors",
    "text": "Associate Program Directors\n\nAbberly Lott Limbach, MD"
  },
  {
    "objectID": "programs/Oregon_Health_&_Science_University_Program.html",
    "href": "programs/Oregon_Health_&_Science_University_Program.html",
    "title": "Oregon Health & Science University Program",
    "section": "",
    "text": "Mandy VanSandt, D.O. is the Program Director at Oregon Health & Science University Program, located in Portland, OR."
  },
  {
    "objectID": "programs/Oregon_Health_&_Science_University_Program.html#associate-program-directors",
    "href": "programs/Oregon_Health_&_Science_University_Program.html#associate-program-directors",
    "title": "Oregon Health & Science University Program",
    "section": "Associate Program Directors",
    "text": "Associate Program Directors\n\nBrian Brinkerhoff, MD"
  },
  {
    "objectID": "programs/Orlando_Health.html",
    "href": "programs/Orlando_Health.html",
    "title": "Orlando Health",
    "section": "",
    "text": "Christopher D. Hornsby, MD is the Program Director at Orlando Health, located in Orlando, FL."
  },
  {
    "objectID": "programs/Penrose-St_Francis_Health_Services.html",
    "href": "programs/Penrose-St_Francis_Health_Services.html",
    "title": "Penrose-St Francis Health Services",
    "section": "",
    "text": "Leslie Torgerson, MD is the Program Director at Penrose-St Francis Health Services, located in Colorado Springs, CO."
  },
  {
    "objectID": "programs/Stanford_Health_Care-Sponsored_Stanford_University.html",
    "href": "programs/Stanford_Health_Care-Sponsored_Stanford_University.html",
    "title": "Stanford Health Care-Sponsored Stanford University",
    "section": "",
    "text": "John Higgins, MD is the Program Director at Stanford Health Care-Sponsored Stanford University, located in Stanford, CA."
  },
  {
    "objectID": "programs/Stanford_Health_Care-Sponsored_Stanford_University.html#associate-program-directors",
    "href": "programs/Stanford_Health_Care-Sponsored_Stanford_University.html#associate-program-directors",
    "title": "Stanford Health Care-Sponsored Stanford University",
    "section": "Associate Program Directors",
    "text": "Associate Program Directors\n\nNiaz Banaei, MD\nOscar Silva, MD, PhD"
  },
  {
    "objectID": "programs/Texas_A&M_College_of_Medicine-Scott_and_White_Medical_Center_(Temple)_Program.html",
    "href": "programs/Texas_A&M_College_of_Medicine-Scott_and_White_Medical_Center_(Temple)_Program.html",
    "title": "Texas A&M College of Medicine-Scott and White Medical Center (Temple) Program",
    "section": "",
    "text": "Bing Leng, MD is the Program Director at Texas A&M College of Medicine-Scott and White Medical Center (Temple) Program, located in Temple, TX."
  },
  {
    "objectID": "programs/Texas_A&M_College_of_Medicine-Scott_and_White_Medical_Center_(Temple)_Program.html#associate-program-directors",
    "href": "programs/Texas_A&M_College_of_Medicine-Scott_and_White_Medical_Center_(Temple)_Program.html#associate-program-directors",
    "title": "Texas A&M College of Medicine-Scott and White Medical Center (Temple) Program",
    "section": "Associate Program Directors",
    "text": "Associate Program Directors\n\nArundhati Rao, MD"
  },
  {
    "objectID": "programs/Tufts_Medical_Center.html",
    "href": "programs/Tufts_Medical_Center.html",
    "title": "Tufts Medical Center",
    "section": "",
    "text": "Arthur R. Rabson, MD is the Program Director at Tufts Medical Center, located in Boston, MA."
  },
  {
    "objectID": "programs/Tufts_Medical_Center.html#associate-program-directors",
    "href": "programs/Tufts_Medical_Center.html#associate-program-directors",
    "title": "Tufts Medical Center",
    "section": "Associate Program Directors",
    "text": "Associate Program Directors\n\nElizabeth M. Genega, MD"
  },
  {
    "objectID": "programs/Tulane_University.html",
    "href": "programs/Tulane_University.html",
    "title": "Tulane University",
    "section": "",
    "text": "Janet Schmid, MD is the Program Director at Tulane University, located in New Orleans, LA."
  },
  {
    "objectID": "programs/UCLA_David_Geffen_School_of_Medicine-UCLA_Medical_Center.html",
    "href": "programs/UCLA_David_Geffen_School_of_Medicine-UCLA_Medical_Center.html",
    "title": "UCLA David Geffen School of Medicine/UCLA Medical Center",
    "section": "",
    "text": "Peggy Sullivan, MD is the Program Director at UCLA David Geffen School of Medicine/UCLA Medical Center, located in Los Angeles, CA."
  },
  {
    "objectID": "programs/UCLA_David_Geffen_School_of_Medicine-UCLA_Medical_Center.html#associate-program-directors",
    "href": "programs/UCLA_David_Geffen_School_of_Medicine-UCLA_Medical_Center.html#associate-program-directors",
    "title": "UCLA David Geffen School of Medicine/UCLA Medical Center",
    "section": "Associate Program Directors",
    "text": "Associate Program Directors\n\nSheeja Pullarkat, MD (CP)\nDipti Sajed, MD, PhD (AP)\nDinesh Rao, MD, PhD (Research)"
  },
  {
    "objectID": "programs/UC_Davis_Health.html",
    "href": "programs/UC_Davis_Health.html",
    "title": "UC Davis Health",
    "section": "",
    "text": "Kurt Schaberg, MD is the Program Director at UC Davis Health, located in Sacramento, CA."
  },
  {
    "objectID": "programs/UC_Irvine_Health.html",
    "href": "programs/UC_Irvine_Health.html",
    "title": "UC Irvine Health",
    "section": "",
    "text": "Cary Johnson, MD is the Program Director at UC Irvine Health, located in Orange, CA."
  },
  {
    "objectID": "programs/UC_Irvine_Health.html#associate-program-directors",
    "href": "programs/UC_Irvine_Health.html#associate-program-directors",
    "title": "UC Irvine Health",
    "section": "Associate Program Directors",
    "text": "Associate Program Directors\n\nMari Perez-Rosendahl, MD"
  },
  {
    "objectID": "programs/UMMS-Baystate.html",
    "href": "programs/UMMS-Baystate.html",
    "title": "UMMS-Baystate",
    "section": "",
    "text": "James D. Mueller, MD, PhD is the Program Director at UMMS-Baystate, located in Springfield, MA."
  },
  {
    "objectID": "programs/UPMC_Medical_Education.html",
    "href": "programs/UPMC_Medical_Education.html",
    "title": "UPMC Medical Education",
    "section": "",
    "text": "Marie C. DeFrances, MD, PhD is the Program Director at UPMC Medical Education, located in Pittsburgh, PA."
  },
  {
    "objectID": "programs/USA_Health_Program.html",
    "href": "programs/USA_Health_Program.html",
    "title": "USA Health Program",
    "section": "",
    "text": "Osama R. Elkadi, MD is the Program Director at USA Health Program, located in Mobile, AL."
  },
  {
    "objectID": "programs/USA_Health_Program.html#associate-program-directors",
    "href": "programs/USA_Health_Program.html#associate-program-directors",
    "title": "USA Health Program",
    "section": "Associate Program Directors",
    "text": "Associate Program Directors\n\nOsama R. Elkadi, MD\nJacek M. Polski, MD"
  },
  {
    "objectID": "programs/USC-LAC+USC_Medical_Center.html",
    "href": "programs/USC-LAC+USC_Medical_Center.html",
    "title": "USC/LAC+USC Medical Center",
    "section": "",
    "text": "Wes Naritoku, MD, PhD is the Program Director at USC/LAC+USC Medical Center, located in Los Angeles, CA."
  },
  {
    "objectID": "programs/University_of_Alabama_Medical_Center.html",
    "href": "programs/University_of_Alabama_Medical_Center.html",
    "title": "University of Alabama Medical Center",
    "section": "",
    "text": "Brandi C. McCleskey, M.D. is the Program Director at University of Alabama Medical Center, located in Birmingham, AL."
  },
  {
    "objectID": "programs/University_of_Arizona_College_of_Medicine-Tucson.html",
    "href": "programs/University_of_Arizona_College_of_Medicine-Tucson.html",
    "title": "University of Arizona College of Medicine-Tucson",
    "section": "",
    "text": "Demaretta Rush, MD is the Program Director at University of Arizona College of Medicine-Tucson, located in Tucson, AZ."
  },
  {
    "objectID": "programs/University_of_Arkansas_for_Medical_Sciences_(UAMS)_College_of_Medicine_Program.html",
    "href": "programs/University_of_Arkansas_for_Medical_Sciences_(UAMS)_College_of_Medicine_Program.html",
    "title": "University of Arkansas for Medical Sciences (UAMS) College of Medicine Program",
    "section": "",
    "text": "Susanne Jeffus, MD is the Program Director at University of Arkansas for Medical Sciences (UAMS) College of Medicine Program, located in Little Rock, AR."
  },
  {
    "objectID": "programs/University_of_California_(San_Diego)_Medical_Center.html",
    "href": "programs/University_of_California_(San_Diego)_Medical_Center.html",
    "title": "University of California (San Diego) Medical Center",
    "section": "",
    "text": "Grace Lin, MD, PhD is the Program Director at University of California (San Diego) Medical Center, located in San Diego, CA."
  },
  {
    "objectID": "programs/University_of_California_(San_Diego)_Medical_Center.html#associate-program-directors",
    "href": "programs/University_of_California_(San_Diego)_Medical_Center.html#associate-program-directors",
    "title": "University of California (San Diego) Medical Center",
    "section": "Associate Program Directors",
    "text": "Associate Program Directors\n\nJingjing Hu, MD, PhD"
  },
  {
    "objectID": "programs/University_of_California_(San_Francisco).html",
    "href": "programs/University_of_California_(San_Francisco).html",
    "title": "University of California (San Francisco)",
    "section": "",
    "text": "Ronald Balassanian, MD (AP) is the Program Director at University of California (San Francisco), located in San Francisco, CA."
  },
  {
    "objectID": "programs/University_of_Chicago.html",
    "href": "programs/University_of_Chicago.html",
    "title": "University of Chicago",
    "section": "",
    "text": "Kammi Henriksen, MD is the Program Director at University of Chicago, located in Chicago, IL."
  },
  {
    "objectID": "programs/University_of_Chicago.html#associate-program-directors",
    "href": "programs/University_of_Chicago.html#associate-program-directors",
    "title": "University of Chicago",
    "section": "Associate Program Directors",
    "text": "Associate Program Directors\n\nAnthony Chang, MD (AP)\nVera Tesic, MD (CP)"
  },
  {
    "objectID": "programs/University_of_Chicago_(NorthShore).html",
    "href": "programs/University_of_Chicago_(NorthShore).html",
    "title": "University of Chicago (NorthShore)",
    "section": "",
    "text": "Megan E. Sullivan, MD is the Program Director at University of Chicago (NorthShore), located in Evanston, IL."
  },
  {
    "objectID": "programs/University_of_Colorado.html",
    "href": "programs/University_of_Colorado.html",
    "title": "University of Colorado",
    "section": "",
    "text": "Von Samedi MD, PhD is the Program Director at University of Colorado, located in Aurora, CO."
  },
  {
    "objectID": "programs/University_of_Florida.html",
    "href": "programs/University_of_Florida.html",
    "title": "University of Florida",
    "section": "",
    "text": "Stacy G. Beal, MD is the Program Director at University of Florida, located in Gainesville, FL."
  },
  {
    "objectID": "programs/University_of_Florida.html#associate-program-directors",
    "href": "programs/University_of_Florida.html#associate-program-directors",
    "title": "University of Florida",
    "section": "Associate Program Directors",
    "text": "Associate Program Directors\n\nJesse Kresak, MD"
  },
  {
    "objectID": "programs/University_of_Florida_College_of_Medicine_Jacksonville.html",
    "href": "programs/University_of_Florida_College_of_Medicine_Jacksonville.html",
    "title": "University of Florida College of Medicine Jacksonville",
    "section": "",
    "text": "Anwer M. Siddiqi, MBBS, MMSc is the Program Director at University of Florida College of Medicine Jacksonville, located in Jacksonville, FL."
  },
  {
    "objectID": "programs/University_of_Hawaii.html",
    "href": "programs/University_of_Hawaii.html",
    "title": "University of Hawaii",
    "section": "",
    "text": "Koah Vierkoetter, MD is the Program Director at University of Hawaii, located in Honolulu, HI."
  },
  {
    "objectID": "programs/University_of_Hawaii.html#associate-program-directors",
    "href": "programs/University_of_Hawaii.html#associate-program-directors",
    "title": "University of Hawaii",
    "section": "Associate Program Directors",
    "text": "Associate Program Directors\n\nDavid Shimizu, MD"
  },
  {
    "objectID": "programs/University_of_Iowa_Hospitals_and_Clinics.html",
    "href": "programs/University_of_Iowa_Hospitals_and_Clinics.html",
    "title": "University of Iowa Hospitals and Clinics",
    "section": "",
    "text": "Anthony N. Snow, MD is the Program Director at University of Iowa Hospitals and Clinics, located in Iowa City, IA."
  },
  {
    "objectID": "programs/University_of_Iowa_Hospitals_and_Clinics.html#associate-program-directors",
    "href": "programs/University_of_Iowa_Hospitals_and_Clinics.html#associate-program-directors",
    "title": "University of Iowa Hospitals and Clinics",
    "section": "Associate Program Directors",
    "text": "Associate Program Directors\n\nAmani Bashir, MBBS\nMatthew Krasowski, MD, PhD"
  },
  {
    "objectID": "programs/University_of_Kansas_School_of_Medicine.html",
    "href": "programs/University_of_Kansas_School_of_Medicine.html",
    "title": "University of Kansas School of Medicine",
    "section": "",
    "text": "Katie L. Dennis, MD is the Program Director at University of Kansas School of Medicine, located in Kansas City, KS."
  },
  {
    "objectID": "programs/University_of_Kansas_School_of_Medicine.html#associate-program-directors",
    "href": "programs/University_of_Kansas_School_of_Medicine.html#associate-program-directors",
    "title": "University of Kansas School of Medicine",
    "section": "Associate Program Directors",
    "text": "Associate Program Directors\n\nNelli Lakis, MD\nJamie Porter, MD"
  },
  {
    "objectID": "programs/University_of_Kentucky_College_of_Medicine.html",
    "href": "programs/University_of_Kentucky_College_of_Medicine.html",
    "title": "University of Kentucky College of Medicine",
    "section": "",
    "text": "Janna Neltner, MD is the Program Director at University of Kentucky College of Medicine, located in Lexington, KY."
  },
  {
    "objectID": "programs/University_of_Kentucky_College_of_Medicine.html#associate-program-directors",
    "href": "programs/University_of_Kentucky_College_of_Medicine.html#associate-program-directors",
    "title": "University of Kentucky College of Medicine",
    "section": "Associate Program Directors",
    "text": "Associate Program Directors\n\nMorgan McCoy, MD, PhD (CP)\nRobert McDonald, DO (AP)"
  },
  {
    "objectID": "programs/University_of_Louisville_School_of_Medicine.html",
    "href": "programs/University_of_Louisville_School_of_Medicine.html",
    "title": "University of Louisville School of Medicine",
    "section": "",
    "text": "Samer Z. Al-Quran, MD is the Program Director at University of Louisville School of Medicine, located in Louisville, KY."
  },
  {
    "objectID": "programs/University_of_Louisville_School_of_Medicine.html#associate-program-directors",
    "href": "programs/University_of_Louisville_School_of_Medicine.html#associate-program-directors",
    "title": "University of Louisville School of Medicine",
    "section": "Associate Program Directors",
    "text": "Associate Program Directors\n\nClaire Meena-Leist, MD (CP)\nDibson Dibe Gondim, MD (AP)"
  },
  {
    "objectID": "programs/University_of_Maryland.html",
    "href": "programs/University_of_Maryland.html",
    "title": "University of Maryland",
    "section": "",
    "text": "Madhurima Koka, MD is the Program Director at University of Maryland, located in Baltimore, MD."
  },
  {
    "objectID": "programs/University_of_Maryland.html#associate-program-directors",
    "href": "programs/University_of_Maryland.html#associate-program-directors",
    "title": "University of Maryland",
    "section": "Associate Program Directors",
    "text": "Associate Program Directors\n\nMichael E. Kallen, MD"
  },
  {
    "objectID": "programs/University_of_Massachusetts.html",
    "href": "programs/University_of_Massachusetts.html",
    "title": "University of Massachusetts",
    "section": "",
    "text": "Dina Kandil, MD is the Program Director at University of Massachusetts, located in Worcester, MA."
  },
  {
    "objectID": "programs/University_of_Miami-Jackson_Health_System.html",
    "href": "programs/University_of_Miami-Jackson_Health_System.html",
    "title": "University of Miami/Jackson Health System",
    "section": "",
    "text": "Andre Pinto, MD is the Program Director at University of Miami/Jackson Health System, located in Miami, FL."
  },
  {
    "objectID": "programs/University_of_Michigan_Health_System.html",
    "href": "programs/University_of_Michigan_Health_System.html",
    "title": "University of Michigan Health System",
    "section": "",
    "text": "Shih-Hon (Sean) Li, MD, PhD is the Program Director at University of Michigan Health System, located in Ann Arbor, MI."
  },
  {
    "objectID": "programs/University_of_Michigan_Health_System.html#associate-program-directors",
    "href": "programs/University_of_Michigan_Health_System.html#associate-program-directors",
    "title": "University of Michigan Health System",
    "section": "Associate Program Directors",
    "text": "Associate Program Directors\n\nDavid M Manthei, MD, PhD\nSara E Abbott, MD"
  },
  {
    "objectID": "programs/University_of_Minnesota.html",
    "href": "programs/University_of_Minnesota.html",
    "title": "University of Minnesota",
    "section": "",
    "text": "Michelle Dolan, MD is the Program Director at University of Minnesota, located in Minneapolis, MN."
  },
  {
    "objectID": "programs/University_of_Minnesota.html#associate-program-directors",
    "href": "programs/University_of_Minnesota.html#associate-program-directors",
    "title": "University of Minnesota",
    "section": "Associate Program Directors",
    "text": "Associate Program Directors\n\nAndrew Johnson, MD"
  },
  {
    "objectID": "programs/University_of_Missouri-Columbia.html",
    "href": "programs/University_of_Missouri-Columbia.html",
    "title": "University of Missouri-Columbia",
    "section": "",
    "text": "Douglas C. Miller, MD, PhD is the Program Director at University of Missouri-Columbia, located in Columbia, MO."
  },
  {
    "objectID": "programs/University_of_Missouri-Kansas_City_School_of_Medicine_Program.html",
    "href": "programs/University_of_Missouri-Kansas_City_School_of_Medicine_Program.html",
    "title": "University of Missouri-Kansas City School of Medicine Program",
    "section": "",
    "text": "Kamani Lankachandra, MD is the Program Director at University of Missouri-Kansas City School of Medicine Program, located in Kansas City, MO."
  },
  {
    "objectID": "programs/University_of_North_Carolina_Hospitals.html",
    "href": "programs/University_of_North_Carolina_Hospitals.html",
    "title": "University of North Carolina Hospitals",
    "section": "",
    "text": "Yara Park, MD is the Program Director at University of North Carolina Hospitals, located in Chapel Hill, NC."
  },
  {
    "objectID": "programs/University_of_North_Carolina_Hospitals.html#associate-program-directors",
    "href": "programs/University_of_North_Carolina_Hospitals.html#associate-program-directors",
    "title": "University of North Carolina Hospitals",
    "section": "Associate Program Directors",
    "text": "Associate Program Directors\n\nSusan J. Maygarden, MD (AP)\nNathan Montgomery, MD, PhD (CP)"
  },
  {
    "objectID": "programs/University_of_Pennsylvania_Health_System_Program.html",
    "href": "programs/University_of_Pennsylvania_Health_System_Program.html",
    "title": "University of Pennsylvania Health System Program",
    "section": "",
    "text": "Nicole Aqui, MD is the Program Director at University of Pennsylvania Health System Program, located in Philadelphia, PA."
  },
  {
    "objectID": "programs/University_of_Puerto_Rico.html",
    "href": "programs/University_of_Puerto_Rico.html",
    "title": "University of Puerto Rico",
    "section": "",
    "text": "Gloria Ramos Rivera MD is the Program Director at University of Puerto Rico, located in San Juan, PR."
  },
  {
    "objectID": "programs/University_of_Rochester_Program.html",
    "href": "programs/University_of_Rochester_Program.html",
    "title": "University of Rochester Program",
    "section": "",
    "text": "Linda M. Schiffhauer, M.D. is the Program Director at University of Rochester Program, located in Rochester, NY."
  },
  {
    "objectID": "programs/University_of_South_Dakota.html",
    "href": "programs/University_of_South_Dakota.html",
    "title": "University of South Dakota",
    "section": "",
    "text": "Douglas Lynch, MD is the Program Director at University of South Dakota, located in Sioux Falls, SD."
  },
  {
    "objectID": "programs/University_of_South_Dakota.html#associate-program-directors",
    "href": "programs/University_of_South_Dakota.html#associate-program-directors",
    "title": "University of South Dakota",
    "section": "Associate Program Directors",
    "text": "Associate Program Directors\n\nAmy Kerkvliet, MD"
  },
  {
    "objectID": "programs/University_of_South_Florida_Morsani_Program.html",
    "href": "programs/University_of_South_Florida_Morsani_Program.html",
    "title": "University of South Florida Morsani Program",
    "section": "",
    "text": "Evita Henderson-Jackson, MD is the Program Director at University of South Florida Morsani Program, located in Tampa, FL."
  },
  {
    "objectID": "programs/University_of_South_Florida_Morsani_Program.html#associate-program-directors",
    "href": "programs/University_of_South_Florida_Morsani_Program.html#associate-program-directors",
    "title": "University of South Florida Morsani Program",
    "section": "Associate Program Directors",
    "text": "Associate Program Directors\n\nNicole Riddle, MD"
  },
  {
    "objectID": "programs/University_of_Tennessee_Medical_Center_at_Knoxville.html",
    "href": "programs/University_of_Tennessee_Medical_Center_at_Knoxville.html",
    "title": "University of Tennessee Medical Center at Knoxville",
    "section": "",
    "text": "Alan Grindstaff, MD is the Program Director at University of Tennessee Medical Center at Knoxville, located in Knoxville, TN."
  },
  {
    "objectID": "programs/University_of_Tennessee_Medical_Center_at_Memphis.html",
    "href": "programs/University_of_Tennessee_Medical_Center_at_Memphis.html",
    "title": "University of Tennessee Medical Center at Memphis",
    "section": "",
    "text": "Lauren C. King, MD is the Program Director at University of Tennessee Medical Center at Memphis, located in Memphis, TN."
  },
  {
    "objectID": "programs/University_of_Texas_Health_Science_Center_San_Antonio_Joe_and_Teresa_Lozano_Long_School_of_Medicine_Program.html",
    "href": "programs/University_of_Texas_Health_Science_Center_San_Antonio_Joe_and_Teresa_Lozano_Long_School_of_Medicine_Program.html",
    "title": "University of Texas Health Science Center San Antonio Joe and Teresa Lozano Long School of Medicine Program",
    "section": "",
    "text": "Leslie J. Greebon, MD is the Program Director at University of Texas Health Science Center San Antonio Joe and Teresa Lozano Long School of Medicine Program, located in San Antonio, TX."
  },
  {
    "objectID": "programs/University_of_Texas_Health_Science_Center_at_Houston_Program.html",
    "href": "programs/University_of_Texas_Health_Science_Center_at_Houston_Program.html",
    "title": "University of Texas Health Science Center at Houston Program",
    "section": "",
    "text": "William F. Glass, MD, PhD, MBA is the Program Director at University of Texas Health Science Center at Houston Program, located in Houston, TX."
  },
  {
    "objectID": "programs/University_of_Texas_Health_Science_Center_at_Houston_Program.html#associate-program-directors",
    "href": "programs/University_of_Texas_Health_Science_Center_at_Houston_Program.html#associate-program-directors",
    "title": "University of Texas Health Science Center at Houston Program",
    "section": "Associate Program Directors",
    "text": "Associate Program Directors\n\nAmer Wahed, MD\nLaura Lelenwa, MD"
  },
  {
    "objectID": "programs/University_of_Texas_Medical_Branch_Hospitals.html",
    "href": "programs/University_of_Texas_Medical_Branch_Hospitals.html",
    "title": "University of Texas Medical Branch Hospitals",
    "section": "",
    "text": "Juan P. Olano, MD is the Program Director at University of Texas Medical Branch Hospitals, located in Galveston, TX."
  },
  {
    "objectID": "programs/University_of_Texas_Southwestern_Medical_Center.html",
    "href": "programs/University_of_Texas_Southwestern_Medical_Center.html",
    "title": "University of Texas Southwestern Medical Center",
    "section": "",
    "text": "Charles Timmons, MD, PhD is the Program Director at University of Texas Southwestern Medical Center, located in Dallas, TX."
  },
  {
    "objectID": "programs/University_of_Texas_Southwestern_Medical_Center.html#associate-program-directors",
    "href": "programs/University_of_Texas_Southwestern_Medical_Center.html#associate-program-directors",
    "title": "University of Texas Southwestern Medical Center",
    "section": "Associate Program Directors",
    "text": "Associate Program Directors\n\nJames D. Burner, MD\nYisheng V. Fang, MD, PhD"
  },
  {
    "objectID": "programs/University_of_Toledo_Program.html",
    "href": "programs/University_of_Toledo_Program.html",
    "title": "University of Toledo Program",
    "section": "",
    "text": "Amira Gohara, MD is the Program Director at University of Toledo Program, located in Toledo, OH."
  },
  {
    "objectID": "programs/University_of_Utah_Health_Program.html",
    "href": "programs/University_of_Utah_Health_Program.html",
    "title": "University of Utah Health Program",
    "section": "",
    "text": "Michael B. Ward, MD is the Program Director at University of Utah Health Program, located in Salt Lake City, UT."
  },
  {
    "objectID": "programs/University_of_Vermont_Medical_Center.html",
    "href": "programs/University_of_Vermont_Medical_Center.html",
    "title": "University of Vermont Medical Center",
    "section": "",
    "text": "Scott Anderson, MD is the Program Director at University of Vermont Medical Center, located in Burlington, VT."
  },
  {
    "objectID": "programs/University_of_Virginia_Medical_Center.html",
    "href": "programs/University_of_Virginia_Medical_Center.html",
    "title": "University of Virginia Medical Center",
    "section": "",
    "text": "Anne Mills, MD is the Program Director at University of Virginia Medical Center, located in Charlottesville, VA."
  },
  {
    "objectID": "programs/University_of_Washington.html",
    "href": "programs/University_of_Washington.html",
    "title": "University of Washington",
    "section": "",
    "text": "Mark Kilgore, MD is the Program Director at University of Washington, located in Seattle, WA."
  },
  {
    "objectID": "programs/University_of_Washington.html#associate-program-directors",
    "href": "programs/University_of_Washington.html#associate-program-directors",
    "title": "University of Washington",
    "section": "Associate Program Directors",
    "text": "Associate Program Directors\n\nElizabeth Parker, MD\nEmily Glynn, MD\nMonica Pagano, MD"
  },
  {
    "objectID": "programs/University_of_Wisconsin_Hospitals_and_Clinics.html",
    "href": "programs/University_of_Wisconsin_Hospitals_and_Clinics.html",
    "title": "University of Wisconsin Hospitals and Clinics",
    "section": "",
    "text": "Shelly Cook, MD is the Program Director at University of Wisconsin Hospitals and Clinics, located in Madison, WI."
  },
  {
    "objectID": "programs/University_of_Wisconsin_Hospitals_and_Clinics.html#associate-program-directors",
    "href": "programs/University_of_Wisconsin_Hospitals_and_Clinics.html#associate-program-directors",
    "title": "University of Wisconsin Hospitals and Clinics",
    "section": "Associate Program Directors",
    "text": "Associate Program Directors\n\nJoseph Connor, MD"
  },
  {
    "objectID": "programs/Vanderbilt_University_Medical_Center.html",
    "href": "programs/Vanderbilt_University_Medical_Center.html",
    "title": "Vanderbilt University Medical Center",
    "section": "",
    "text": "Aaron C. Shaver, M.D., Ph.D. is the Program Director at Vanderbilt University Medical Center, located in Nashville, TN."
  },
  {
    "objectID": "programs/Virginia_Commonwealth_University_Health_System_.html",
    "href": "programs/Virginia_Commonwealth_University_Health_System_.html",
    "title": "Virginia Commonwealth University Health System",
    "section": "",
    "text": "Steven Christopher Smith, MD, PhD is the Program Director at Virginia Commonwealth University Health System , located in Richmond, VA."
  },
  {
    "objectID": "programs/Washington_University-B-JH-SLCH_Consortium.html",
    "href": "programs/Washington_University-B-JH-SLCH_Consortium.html",
    "title": "Washington University/B-JH/SLCH Consortium",
    "section": "",
    "text": "Neil Anderson, MD is the Program Director at Washington University/B-JH/SLCH Consortium, located in St Louis, MO."
  },
  {
    "objectID": "programs/Washington_University-B-JH-SLCH_Consortium.html#associate-program-directors",
    "href": "programs/Washington_University-B-JH-SLCH_Consortium.html#associate-program-directors",
    "title": "Washington University/B-JH/SLCH Consortium",
    "section": "Associate Program Directors",
    "text": "Associate Program Directors\n\nSamuel Ballentine, MD\nSuzanne Thibodeaux, MD, PhD"
  },
  {
    "objectID": "programs/West_Virginia_University.html",
    "href": "programs/West_Virginia_University.html",
    "title": "West Virginia University",
    "section": "",
    "text": "Melina Flanagan, MD is the Program Director at West Virginia University, located in Morgantown, WV."
  },
  {
    "objectID": "programs/Yale-New_Haven_Medical_Center.html",
    "href": "programs/Yale-New_Haven_Medical_Center.html",
    "title": "Yale-New Haven Medical Center",
    "section": "",
    "text": "Diane Kowalski, MD, MMSc is the Program Director at Yale-New Haven Medical Center, located in New Haven, CT."
  },
  {
    "objectID": "programs/Yale-New_Haven_Medical_Center.html#associate-program-directors",
    "href": "programs/Yale-New_Haven_Medical_Center.html#associate-program-directors",
    "title": "Yale-New Haven Medical Center",
    "section": "Associate Program Directors",
    "text": "Associate Program Directors\n\nHenry Rinder, MD"
  },
  {
    "objectID": "programs/index.html",
    "href": "programs/index.html",
    "title": "Programs",
    "section": "",
    "text": "This is the page containing all of the programs on offer."
  }
]